{"chars":{" ":{"u0":0.0,"v0":0.0,"u1":0.040039,"v1":0.046875,"width":41,"height":12,"advance":35},"A":{"u0":0.040039,"v0":0.0,"u1":0.080078,"v1":0.179688,"width":41,"height":46,"advance":35},"B":{"u0":0.080078,"v0":0.0,"u1":0.120117,"v1":0.179688,"width":41,"height":46,"advance":35},"C":{"u0":0.120117,"v0":0.0,"u1":0.160156,"v1":0.1875,"width":41,"height":48,"advance":35},"D":{"u0":0.160156,"v0":0.0,"u1":0.200195,"v1":0.179688,"width":41,"height":46,"advance":35},"E":{"u0":0.200195,"v0":0.0,"u1":0.240234,"v1":0.179688,"width":41,"height":46,"advance":35},"F":{"u0":0.240234,"v0":0.0,"u1":0.280273,"v1":0.179688,"width":41,"height":46,"advance":35},"G":{"u0":0.280273,"v0":0.0,"u1":0.320312,"v1":0.1875,"width":41,"height":48,"advance":35},"H":{"u0":0.320312,"v0":0.0,"u1":0.360352,"v1":0.179688,"width":41,"height":46,"advance":35},"I":{"u0":0.360352,"v0":0.0,"u1":0.400391,"v1":0.179688,"width":41,"height":46,"advance":35},"J":{"u0":0.400391,"v0":0.0,"u1":0.44043,"v1":0.183594,"width":41,"height":47,"advance":35},"K":{"u0":0.44043,"v0":0.0,"u1":0.480469,"v1":0.179688,"width":41,"height":46,"advance":35},"L":{"u0":0.480469,"v0":0.0,"u1":0.520508,"v1":0.179688,"width":41,"height":46,"advance":35},"M":{"u0":0.520508,"v0":0.0,"u1":0.560547,"v1":0.179688,"width":41,"height":46,"advance":35},"N":{"u0":0.560547,"v0":0.0,"u1":0.600586,"v1":0.179688,"width":41,"height":46,"advance":35},"O":{"u0":0.600586,"v0":0.0,"u1":0.640625,"v1":0.1875,"width":41,"height":48,"advance":35},"P":{"u0":0.640625,"v0":0.0,"u1":0.680664,"v1":0.179688,"width":41,"height":46,"advance":35},"Q":{"u0":0.680664,"v0":0.0,"u1":0.720703,"v1":0.210938,"width":41,"height":54,"advance":35},"R":{"u0":0.720703,"v0":0.0,"u1":0.760742,"v1":0.179688,"width":41,"height":46,"advance":35},"S":{"u0":0.760742,"v0":0.0,"u1":0.800781,"v1":0.1875,"width":41,"height":48,"advance":35},"T":{"u0":0.800781,"v0":0.0,"u1":0.84082,"v1":0.179688,"width":41,"height":46,"advance":35},"U":{"u0":0.84082,"v0":0.0,"u1":0.880859,"v1":0.183594,"width":41,"height":47,"advance":35},"V":{"u0":0.880859,"v0":0.0,"u1":0.920898,"v1":0.179688,"width":41,"height":46,"advance":35},"W":{"u0":0.920898,"v0":0.0,"u1":0.960938,"v1":0.179688,"width":41,"height":46,"advance":35},"X":{"u0":0.0,"v0":0.226562,"u1":0.040039,"v1":0.40625,"width":41,"height":46,"advance":35},"Y":{"u0":0.040039,"v0":0.226562,"u1":0.080078,"v1":0.40625,"width":41,"height":46,"advance":35},"Z":{"u0":0.080078,"v0":0.226562,"u1":0.120117,"v1":0.40625,"width":41,"height":46,"advance":35},"a":{"u0":0.120117,"v0":0.226562,"u1":0.160156,"v1":0.375,"width":41,"height":38,"advance":35},"b":{"u0":0.160156,"v0":0.226562,"u1":0.200195,"v1":0.414062,"width":41,"height":48,"advance":35},"c":{"u0":0.200195,"v0":0.226562,"u1":0.240234,"v1":0.375,"width":41,"height":38,"advance":35},"d":{"u0":0.240234,"v0":0.226562,"u1":0.280273,"v1":0.414062,"width":41,"height":48,"advance":35},"e":{"u0":0.280273,"v0":0.226562,"u1":0.320312,"v1":0.375,"width":41,"height":38,"advance":35},"f":{"u0":0.320312,"v0":0.226562,"u1":0.360352,"v1":0.453125,"width":41,"height":58,"advance":35},"g":{"u0":0.360352,"v0":0.226562,"u1":0.400391,"v1":0.417969,"width":41,"height":49,"advance":35},"h":{"u0":0.400391,"v0":0.226562,"u1":0.44043,"v1":0.410156,"width":41,"height":47,"advance":35},"i":{"u0":0.44043,"v0":0.226562,"u1":0.480469,"v1":0.410156,"width":41,"height":47,"advance":35},"j":{"u0":0.480469,"v0":0.226562,"u1":0.520508,"v1":0.453125,"width":41,"height":58,"advance":35},"k":{"u0":0.520508,"v0":0.226562,"u1":0.560547,"v1":0.410156,"width":41,"height":47,"advance":35},"l":{"u0":0.560547,"v0":0.226562,"u1":0.600586,"v1":0.410156,"width":41,"height":47,"advance":35},"m":{"u0":0.600586,"v0":0.226562,"u1":0.640625,"v1":0.371094,"width":41,"height":37,"advance":35},"n":{"u0":0.640625,"v0":0.226562,"u1":0.680664,"v1":0.371094,"width":41,"height":37,"advance":35},"o":{"u0":0.680664,"v0":0.226562,"u1":0.720703,"v1":0.375,"width":41,"height":38,"advance":35},"p":{"u0":0.720703,"v0":0.226562,"u1":0.760742,"v1":0.414062,"width":41,"height":48,"advance":35},"q":{"u0":0.760742,"v0":0.226562,"u1":0.800781,"v1":0.414062,"width":41,"height":48,"advance":35},"r":{"u0":0.800781,"v0":0.226562,"u1":0.84082,"v1":0.371094,"width":41,"height":37,"advance":35},"s":{"u0":0.84082,"v0":0.226562,"u1":0.880859,"v1":0.375,"width":41,"height":38,"advance":35},"t":{"u0":0.880859,"v0":0.226562,"u1":0.920898,"v1":0.394531,"width":41,"height":43,"advance":35},"u":{"u0":0.920898,"v0":0.226562,"u1":0.960938,"v1":0.371094,"width":41,"height":37,"advance":35},"v":{"u0":0.0,"v0":0.453125,"u1":0.040039,"v1":0.59375,"width":41,"height":36,"advance":35},"w":{"u0":0.040039,"v0":0.453125,"u1":0.080078,"v1":0.59375,"width":41,"height":36,"advance":35},"x":{"u0":0.080078,"v0":0.453125,"u1":0.120117,"v1":0.59375,"width":41,"height":36,"advance":35},"y":{"u0":0.120117,"v0":0.453125,"u1":0.160156,"v1":0.636719,"width":41,"height":47,"advance":35},"z":{"u0":0.160156,"v0":0.453125,"u1":0.200195,"v1":0.59375,"width":41,"height":36,"advance":35},"0":{"u0":0.200195,"v0":0.453125,"u1":0.240234,"v1":0.640625,"width":41,"height":48,"advance":35},"1":{"u0":0.240234,"v0":0.453125,"u1":0.280273,"v1":0.632812,"width":41,"height":46,"advance":35},"2":{"u0":0.280273,"v0":0.453125,"u1":0.320312,"v1":0.636719,"width":41,"height":47,"advance":35},"3":{"u0":0.320312,"v0":0.453125,"u1":0.360352,"v1":0.640625,"width":41,"height":48,"advance":35},"4":{"u0":0.360352,"v0":0.453125,"u1":0.400391,"v1":0.632812,"width":41,"height":46,"advance":35},"5":{"u0":0.400391,"v0":0.453125,"u1":0.44043,"v1":0.636719,"width":41,"height":47,"advance":35},"6":{"u0":0.44043,"v0":0.453125,"u1":0.480469,"v1":0.640625,"width":41,"height":48,"advance":35},"7":{"u0":0.480469,"v0":0.453125,"u1":0.520508,"v1":0.632812,"width":41,"height":46,"advance":35},"8":{"u0":0.520508,"v0":0.453125,"u1":0.560547,"v1":0.640625,"width":41,"height":48,"advance":35},"9":{"u0":0.560547,"v0":0.453125,"u1":0.600586,"v1":0.640625,"width":41,"height":48,"advance":35},".":{"u0":0.600586,"v0":0.453125,"u1":0.640625,"v1":0.527344,"width":41,"height":19,"advance":35},",":{"u0":0.640625,"v0":0.453125,"u1":0.680664,"v1":0.550781,"width":41,"height":25,"advance":35},"-":{"u0":0.680664,"v0":0.453125,"u1":0.720703,"v1":0.574219,"width":41,"height":31,"advance":35},"+":{"u0":0.720703,"v0":0.453125,"u1":0.760742,"v1":0.609375,"width":41,"height":40,"advance":35},"/":{"u0":0.760742,"v0":0.453125,"u1":0.800781,"v1":0.664062,"width":41,"height":54,"advance":35},"\\":{"u0":0.800781,"v0":0.453125,"u1":0.84082,"v1":0.664062,"width":41,"height":54,"advance":35}},"atlas":{"width":1024,"height":256,"fontSize":48}}